ticket_text,actual_category,predicted_category
"Concerns Regarding Healthcare Data Security. A healthcare organization faced unauthorized attempts to access medical records, likely due to insufficient network security measures. To address this, firewall enhancements have been applied and passwords have been reset to prevent recurrence and safeguard confidential information.",Network,Access
"API Support Inquiry. We're experiencing sporadic API latency that is impacting the synchronization of data within our project. We suspect that the Redis 6.2 cache might be overloaded. After restarting the Redis server and clearing the cache, the delays still continue. We would greatly appreciate it if you could investigate this matter and suggest a solution at your earliest convenience. Please let us know if you need any additional information to troubleshoot the issue. Thank you for your assistance; we look forward to your prompt response.",Network,Software
"Hospital System Outage. Customer Support is documenting a critical problem impacting the hospital's infrastructure. Access to medical data has been interrupted throughout the entire network, including barcode scanners and VPN routers. The disruption may be linked to recent patch installation errors. Despite rebooting the affected devices and verifying network stability, the problem remains unresolved. This disruption is severely affecting daily operations, and immediate assistance is required to address the issue. Could",Service Outage,Network
"Data Security Compromise. Experienced a data breach impacting healthcare systems, posing a risk to the security of medical data. This breach might have occurred due to outdated security protocols. Efforts to patch the systems have been made, but vulnerabilities still persist. Urgent assistance is needed to resolve this issue.",General,Software
Major Disruption in SaaS Service. The SaaS platform encountered a significant outage.,Software,Service Outage
"Access Issues Due to Healthcare Outages. Healthcare providers faced outages affecting Zoom, WLAN routers, and PHP 8.0, which disrupted access to medical data. The initial measures taken included rebooting systems and applying patch updates, but these did not resolve the problem.",Network,Service Outage
"Enhancing Marketing Tactics for Anticipated Expansion. Expressing concerns about the marketing agency's digital tactics, which are aimed at fostering expected brand expansion. Despite efforts to optimize campaigns and refine content, the outcomes have not improved. There is a suspicion that the current targeting and execution might be ineffective. Gratefully await your insights and guidance on how to enhance marketing activities. Please inform if more details are required to address this issue. Looking forward to your response soon.",General,Software
"Connectivity Problems in Project Management Sessions Despite Troubleshooting. Facing connectivity issues during project management sessions, even after following troubleshooting steps.",General,Software
Latency Problem in Financial System. A financial organization is facing delays in data processing within their system. It is suspected that recent software enhancements might be contributing to the problem. Restarting servers and clearing caches have been effective in resolving the issue.,Network,Software
"Updates Impacting Digital Strategy Execution. Our marketing agency is encountering considerable disruptions in the execution of our digital strategy across various platforms due to recent system updates, which may be causing compatibility issues.",General,Software
"Service Outage. An unexpected outage happened during peak hours of the project management SaaS, likely due to server overload. An initial attempt to fix the issue by restarting the server and clearing the cache did not succeed. The team is actively investigating the root cause and working on a solution. We apologize for the inconvenience caused and appreciate your patience. Please feel free to reach out with any questions or concerns. We will provide updates as soon as possible.",Service Outage,Software
"Digital Marketing Strategy Not Achieving Results. The company's digital marketing approach is not effectively promoting brand expansion; previous efforts in social media and SEO yielded limited results. This is probably due to outdated content and ineffective targeting. Attempts to update campaigns and optimize keywords have led to some improvements. However, the current strategy is not meeting expectations, making it crucial to reevaluate our digital marketing methods. A comprehensive analysis of the target audience and market trends is necessary to develop a more effective plan. I would",Software,General
"Hospital System Data Breach Alert. Detected a possible data breach risk within hospital networks, compromising the security of confidential medical information. This may have resulted from insufficient security protocols currently in place. We are awaiting an assessment to evaluate the breach's scope and to implement necessary measures to prevent recurrence.",Network,General
"Problem with Hospital System Outages Reported. Customer Support, we are currently facing unexpected outages in the hospital system, which is impacting the functionality of the devices used for accessing medical data. The cause is unclear but could be due to outdated software or server overload. We have already attempted restarting the affected devices and updating the software, but the issues persist. The outages are having significant implications for patient care, and we urgently need assistance to resolve the matter. Could you please provide guidance for troubleshooting and help in dispatching a technician to the location? We appreciate your prompt attention.",Service Outage,Software
"Recurring Service Interruptions with Digital Tools - Seeking Resolution. Customer Support, facing continuous disruptions with digital tools, which are hindering our brand's development initiatives. This might be due to recent software updates causing incompatibility issues. Despite attempting to resolve by rebooting devices, verifying network connections, and updating software, the problems continue to persist. The support team has tried numerous troubleshooting steps, but the issue remains unresolved. We would greatly appreciate it if you could look into this and provide a solution at your earliest convenience. Also, please let us know if there are any further actions we need to take.",Service Outage,Network
"Immediate Notification of Security Breach. Dear Customer Support,I am writing to inform you that a healthcare provider has detected unauthorized attempts to access medical data. Early investigations indicate that the issue may be due to outdated firewall configurations, which were updated earlier.We have implemented initial firewall adjustments and enhanced our monitoring systems to detect and prevent such activities. Nevertheless, despite these efforts, suspicious activities continue, suggesting that the problem is more complex than initially believed.The ongoing suspicious activity remains unresolved, indicating that the issue is more intricate than initially anticipated.",Hardware,Access
"Data Processing Troubleshooting. Customer Support, the company has encountered delays in data processing that impact investment analytics, possibly due to incompatible USB stick drivers or Node.js version mismatches. Initial steps included updating Node.js and restarting devices, but the problems continue. Despite these efforts, the issue persists, and we are seeking assistance. We would appreciate any guidance on resolving this problem, including recommendations for software updates or configuration adjustments that might be required. Please inform us of any additional information needed.",Hardware,Software
"Digital Tool Disruptions Impact System Functionality. The marketing firm encountered system disruptions that impacted essential digital applications, probably due to network conflicts or software incompatibilities. Initial troubleshooting efforts involved rebooting devices and updating software, but the problems continue. Assistance is needed to resolve these issues.",Network,Service Outage
"Performance Concerns. Customers are facing performance challenges with project management functionalities. This might be caused by API overload, server throttling, or peak usage. Efforts to address the issue by optimizing queries and adjusting server resources have somewhat alleviated the slowdown. Assistance is needed to fully resolve the issue.",General,Software
"Customer Support, Facing System Outages with Digital Strategy Tools. Hello Customer Support, our marketing agency is encountering system outages with the digital strategy tools, which might be due to recent software updates or network disruptions. After rebooting the affected devices and checking the network connections, the issue has not been resolved. We would appreciate your assistance in identifying and resolving the root cause of the problem. Please let us know the next steps to take. We appreciate your prompt attention to this matter.",Service Outage,Network
Problem with System for Investment Analytics. The company is unable to access investment analytics because of a system outage.,Service Outage,General
"Immediate Attention Needed: Peripheral Software Error Disrupting Workflow. Dear Support Team, I trust this message reaches you in good health. I am reaching out to report a major problem with the software linked to peripheral devices, which is severely affecting our routine activities. The malfunction has led to significant operational interruptions, and we urgently require assistance to address this issue. In recent days, we have faced ongoing difficulties with several peripheral gadgets, including printers, scanners, and external storage devices. These devices sometimes stop responding or disconnect unexpectedly.",Hardware,Software
"Potential Data Security Breach. An initial investigation into a potential data security breach at one healthcare provider suggests it may have been caused by outdated encryption. Fortunately, the initial investigation detected the impact and a security patch was applied to prevent further issues. Our team is working diligently to ensure the security of our systems and data. We will provide updates as more information becomes available. Ensuring the security of our customers' data is our top priority, and we are taking necessary steps to prevent such incidents.",Software,General
"Concerns with the Data Analytics Platform. The data analytics platform used for investment optimization is experiencing slow performance, which is delaying the analysis results. This might be due to high server load or inefficient queries. Despite attempts to optimize the SQL queries and reboot the server, the issues persist. Assistance is required to resolve the issue.",General,Software
"Updates Causing Issues with Digital Strategy Execution. Our marketing agency is currently experiencing substantial disruptions in the execution of our digital strategy across various platforms due to recent system updates, which may be causing compatibility problems.",General,Software
"Printing Ink Malfunction. Dear Customer Support, I am facing an issue where my printer releases excessive ink droplets onto the Logitech StreamCam. This problem began after recent firmware updates. I believe it may be due to a conflict with system drivers. I have already attempted reinstalling the drivers and resetting the StreamCam device, but the issue remains. Could you please help troubleshoot this problem? It is significantly disrupting my workflow, and I would appreciate guidance on resolving it, particularly regarding compatibility concerns.",Hardware,Software
"Concern About Unauthorized Access to Medical Data. An unauthorized access alert has been detected in our medical data systems, which may be due to a software vulnerability. We have applied a patch to the affected software, reset access credentials, and enhanced security measures. Our monitoring tools are being reviewed to identify the source of the breach. We are concerned about the potential impact on patient data and would appreciate your assistance in investigating and resolving this issue.",Hardware,Software
Security Concern at Hospital. Detected unauthorized access attempts to hospital networks; implemented fundamental firewall enhancements.,Network,General
"Reported Intermittent Outages in Project Management SaaS. There have been intermittent outages in the project management SaaS platform, which might be related to server overload following a recent code deployment. Initial steps taken included server restarts and rolling back recent updates, but the issues persist. These outages have caused significant disruptions to workflows and productivity. We urgently request your assistance in resolving this matter. Please investigate the cause of the outages and provide a solution to prevent similar incidents in the future. We appreciate your prompt attention to this issue.",Software,Service Outage
"Incident of Data Security. A data security incident happened, which might have exposed medical information. We have reviewed the system logs and strengthened access controls.",Software,General
"Problem with Smart-Medizinspender Data Synchronization. Smart-Medizinspender is not able to sync data with Zoho Books, leading to delays in project updates. The issue might be due to software compatibility after recent updates. We have already tried restarting and checking internet connectivity, but the problem still persists. Please provide assistance to resolve this issue.",Network,Software
"Unapproved entry into medical data networks. Noted unapproved attempts to enter medical data networks, likely because of obsolete security measures. Updated passwords and examined access logs.",Network,Access
"Problem with Data Analytics Integration. We are encountering an integration issue that has disrupted our data analytics processes and is affecting the functionality of our USB-Stick AWS services. This issue might be due to conflicts between software versions. Despite attempting to update the relevant software, the problem remains unresolved. We would greatly appreciate your prompt assistance in resolving this matter. Please inform us of the next steps we should take. Thank you for your time and support.",Hardware,Software
"Immediate Attention Required: Platform Disruption Impacting Device Connectivity. Dear Customer Support Team, I am submitting a report concerning a critical outage of the platform services that is currently hindering device connectivity throughout operations. This disruption has blocked access to the SaaS platform, greatly impairing functions such as barcode scanners and RAID controllers, which are vital for daily operations. Preliminary investigations suggest the issue may be linked to failures in Kubernetes orchestration. Attempts to resolve the problem by restarting pods and redeploying microservices have not been successful, and the issue remains unresolved.",Software,Service Outage
"Problem with Data Analytics Tool Efficiency. The data analytics tool is encountering occasional downtimes. Recent software updates might be causing a server overload. We recently restarted the system and cleared the cache, but the issues continue.",Service Outage,Software
"Digital Marketing Strategy Underperforming. The company's digital marketing approach is not effectively promoting brand growth; previous social media and SEO initiatives have shown limited results. This is likely due to outdated content and ineffective targeting. Efforts to update campaigns and optimize keywords have led to some improvements. Currently, the strategy is not achieving the desired outcomes, making it crucial to reevaluate the digital marketing approach. A comprehensive analysis of the target audience and prevailing market trends is essential to develop a more effective strategy.",Software,General
"Troubleshooting Needed for Connectivity Issues with Google Nest Wifi Router. Marketing campaigns have been halted due to connectivity problems with the Google Nest Wifi Router. There might be network overload during peak usage times. I have already restarted the router and checked all device connections, but the issue persists. I would greatly appreciate your help in resolving this as soon as possible to minimize downtime and get the campaigns back on track.",Service Outage,Network
"Request for Assistance with a Data Breach. Dear Customer Support, I am writing to inform you of a serious data breach that has affected the security of my medical records. The breach may have occurred due to weak access controls, and I am taking immediate action to rectify the situation. I have already implemented emergency password resets and am reviewing user permissions to prevent unauthorized access. I understand the severity of the issue and am working diligently to ensure the security of our systems. I would greatly appreciate any guidance or support you can provide in addressing this matter. Please.",Access,Software
Request for Keras Model Support. The system crashed while running Keras models for investment predictions. Restarting and reinstalling resolved the issue.,Software,General
"Disruptions in System Causing Digital Tool Interruptions. A marketing firm encountered system disruptions that impacted essential digital platforms, probably due to network conflicts or software incompatibility issues. Initial troubleshooting steps included rebooting devices and updating software, but problems remain unresolved. Assistance is required to address the problem.",Network,Service Outage
"Immediate Attention Needed: Centralized Account Management System Out of Service. Dear Customer Support Team, I am reaching out to report a critical problem with the Centralized Account Management System. Over the past several hours, the system has been entirely unreachable, greatly hindering our ability to administer user accounts, execute vital administrative functions, and ensure smooth operations across our services. This outage is causing major workflow interruptions, preventing us from updating account information, resetting passwords, and synchronizing user data across platforms.",Access,Service Outage
Issue with Website Crash Noted. The website crash has significantly affected the campaign launch.,Software,General
Troubleshooting Connectivity Problems with Google Nest Wifi Router. Online marketing efforts have been hampered by connectivity issues with the Google Nest Wifi Router. It's possible the network overloaded during peak usage. Restarting the router and checking device connections did not resolve the issue. I would greatly appreciate prompt assistance to address this problem and minimize downtime to get the campaigns back on track.,Service Outage,Network
Significant Disruption in SaaS Service. The SaaS platform encountered a substantial outage.,Software,Service Outage
Security Incident in Medical Data Confirmed. An unauthorized access to sensitive medical data has been discovered in the hospital's systems. Initial assessments suggest that disabling third-party integrations might help resolve the issue. Potential flaws in these integrations are being considered.,Software,General
"Issue with Digital Tools Malfunctioning. The digital tools used by the marketing agency, such as NAS, Moodle, Kubernetes, and Magento, are malfunctioning, which is hindering efforts to grow the brand. We suspect there may be network configuration errors. Initial troubleshooting steps included rebooting systems and applying software updates, but the problem persists. We require assistance to resolve this issue and to restore proper functionality of the tools supporting our marketing initiatives.",Network,Software
"Support for Troubleshooting Marketing Campaign Issues. Marketing campaigns are not yielding the expected results, which is causing a stall in brand growth. We have adjusted the audience demographics and re-evaluated the ad creatives, but the performance still falls short of expectations. We need your assistance to identify the root cause and optimize the strategy for better outcomes.",General,Software
"Data Breach. A healthcare organization encountered a possible data compromise, endangering patient confidentiality. The suspected cause is outdated security measures. Updates to antivirus and firewall defenses have been implemented, and logs have been examined to assess the scope of the breach. An incident investigation is underway, and appropriate actions are being taken to prevent similar incidents in the future. Ensuring the security of patient data remains a top priority, with necessary precautions being implemented to safeguard sensitive information.",Software,General
"Concerns Regarding Performance of Data Analytics Tool. The data analytics tool experienced a crash during peak usage hours, which disrupted our investment optimization processes. This issue may have arisen due to server overload following a recent software update. After restarting the tool and monitoring server performance, along with clearing the cache, the issues still persist. I would greatly appreciate it if you could look into this matter and provide a solution at the earliest possible time. Please let me know if there is any additional information needed to resolve this issue.",Hardware,Software
"Challenges with Scalability. Our SaaS platform is encountering delays in response times and has occasional outages during peak user activity. To address this, we need to reduce the user load and optimize database queries.",Software,Service Outage
"Experienced Data Breach Affecting Medical Data in Hospital Systems. A data breach has impacted the medical data in our hospital systems, leading to the compromise of sensitive patient information. Outdated firewall configurations and insufficient software security measures might be the cause. Steps taken include resetting the firewall settings, updating to Avast Premium Security, and running a full system check, but vulnerabilities still persist. We need assistance to resolve this issue and prevent future breaches.",Software,General
"Healthcare Data Access Concern. A healthcare provider encountered unauthorized attempts to access medical records. Despite updating Redis and PostgreSQL versions and strengthening firewall rules, suspicious activities continue. Assistance with investigation is required to safeguard sensitive patient data and avert possible data breaches.",Software,General
"Required Security Assistance. An unauthorized access attempt was identified on the hospital's medical data servers, which may be due to outdated security protocols.",General,Software
Problem with Connectivity of SaaS Project Management Tools. Users are facing occasional connectivity problems with the SaaS tools.,Software,Network
"Urgent Device Failures. Support Team, encountering numerous severe device failures including projectors, smart devices, firewalls, screens, and tablets. The issues seem related to network segmentation errors possibly caused by a cyber threat. Despite automated fixes, firewall reboots, and endpoint surveillance, full recovery has been achieved. Immediate help is needed to address connectivity issues and avoid service interruptions. Kindly advise the next steps promptly.",Service Outage,Network
"Healthcare System Stability Concern. Dear Customer Support, I am reporting an issue with the healthcare system. We are experiencing intermittent system outages, which compromise the security of the hospital's medical data. Despite restarting devices and updating Node.js to version 14.17, the problem continues. I suspect that hardware and software compatibility issues might be involved. Your prompt assistance in resolving this matter would be highly appreciated. Please let me know if you require any additional information from my side. Thank you for your time.",Service Outage,Software
"Unauthorized Access Incidents in Healthcare Infrastructure. A healthcare organization encountered multiple unauthorized access attempts targeting their hospital networks containing sensitive medical information. The team suspects inadequate endpoint security measures. Despite conducting antivirus scans and updating software on workstations and servers, the issue continues. Assistance is requested to resolve the problem and safeguard the medical data.",Network,Software
"Hospital Network Security Concerns. Customer support has documented an incident involving unauthorized access attempts aimed at the hospital's sensitive medical data storage systems. The healthcare provider has indicated that these attempts may be linked to vulnerabilities in outdated PHP 8.0 and unpatched Git 2.32 software. Initial mitigation measures have been implemented, such as updating firewall configurations and resetting passwords. Nonetheless, suspicious activity continues, raising concerns about potential risks to the system and data integrity. We would greatly appreciate your assistance.",Network,Access
"Daily Reports of Smart Babyphone Synchronization Problems. Customer Support is currently facing synchronization issues with the Smart Babyphone Mercurial, which are affecting data analytics latency. It is suspected that a recent update may have introduced conflicts. Attempts to resolve the issue by restarting services and clearing caches have not been successful. Assistance in resolving this issue promptly would be greatly appreciated. Please advise on additional troubleshooting steps. The ongoing synchronization failures raise concerns about potential data loss or delays, which could have serious implications.",Network,Software
"Updates Causing Issues in Digital Strategy Execution. Our marketing agency is encountering substantial disruptions in the execution of our digital strategy across various platforms, likely due to recent system updates which may have introduced compatibility issues.",General,Software
"Urgent Assistance Required for Customer Support. Encountering problems with data synchronization between analytics tools, which is causing incorrect forecast results.",General,Software
"Recurring Disruptions in Software During Peak Traffic Times. During peak traffic hours, users frequently encounter disconnections. Despite optimizing database queries and increasing server capacity, the issues continue. A follow-up email from acknowledges the ongoing problem. They request more details on the disconnection error messages and their frequency. Additionally, would like to schedule a call at a convenient time to discuss further. Please provide a suitable time for the call at to work together to resolve the issue.",Email,Software
"Reported Website Outage Problem. Customer Support, I am submitting a report regarding the marketing agency's website which is frequently inaccessible. The issue might be linked to recent server updates. Despite restarting the servers and verifying configurations, the problem persists. I have attempted troubleshooting but the website remains down. Your prompt attention to this matter would be greatly appreciated, and I kindly ask for a swift resolution. Please inform me if any additional information is required to resolve the issue. Contact email is provided.",Email,Software
"Data Security Breach Incident. Customer Support, a data security breach has taken place within the hospital's system, likely resulting from a malware or phishing attack. Antivirus scans and security patches have been applied, yet the problem remains. Employees reported unusual activity on their computers, leading to the discovery of the breach. Immediate measures were implemented to contain the incident by isolating affected systems and initiating an investigation. Despite these efforts, the issue persists and continues to impact operations. We are concerned about potential risks to patient information and are seeking urgent assistance.",Software,General
"Problem with System Down. Hello Customer Support, I am facing system crash issues that are preventing access to critical tools across multiple platforms. The issue might have arisen from a software update conflict. After attempting to restart the affected devices and re-login, the problem still persists. I would greatly appreciate it if you could look into this matter urgently and provide a solution as soon as possible. Please let us know if you need any additional information. I look forward to hearing from you soon. Thank you for your assistance with this issue.",Access,Software
"Urgent Notification. Customer Support, drafting a report to inform about a serious incident at a healthcare facility. An unauthorized attempt to access medical records was detected, possibly due to outdated security measures. Our initial response involved updating the firewall, which unfortunately did not fully resolve the problem. We are concerned about the potential compromise of patient confidentiality and data integrity. We request immediate assistance to investigate this issue and to develop solutions to prevent similar incidents in the future. Please advise on the necessary steps.",General,Software
"Detected Unauthorized Access Attempt in Security Incident. To Customer Support, reporting a critical security event. An unauthorized access attempt has been detected on our hospital systems, which could jeopardize the security of our medical data. The issue might be related to outdated software or phishing attempts. Despite the recent password updates, system patches, and security scans, the problem still persists. We are very concerned about the potential consequences and would appreciate your prompt assistance in resolving this matter. Please provide further instructions.",Access,Software
"Problems with Audio during Google Meet Calls. I've been facing audio issues during video calls on Google Meet while using the HyperX Cloud II Wireless Headset. The issue might be due to software conflicts or driver problems. I've tried updating the drivers and restarting the devices, but the problem still persists. Could you please assist in resolving this issue?",Hardware,Software
"Critical Security Breach in Telehealth Platforms. Dear Customer Support Team, I am reaching out to urgently highlight a severe security breach impacting our telehealth systems. Recently, we detected abnormal activities that could indicate a security intrusion, potentially jeopardizing confidential patient information and hindering service operations. Due to the vital importance of telehealth services, it is crucial that this issue is addressed without delay. We kindly request a comprehensive investigation to determine the root cause and identify any vulnerabilities that may have been exploited. Furthermore, please",General,Access
"Urgent Security Support. Customer Support, An unauthorized access attempt has been detected on the hospital's systems, which could potentially compromise the integrity of medical data. This incident might have occurred due to outdated software vulnerabilities or misconfigured network settings. So far, we have updated antivirus definitions, reviewed access logs, and initiated the security patching process. We kindly request immediate assistance in investigating the matter and providing recommendations to prevent future occurrences. Please let",Network,Software
"Security Notification. A healthcare organization has encountered a security incident jeopardizing patient records within hospital networks. The breach possibly facilitated phishing schemes through exploited system weaknesses. Preliminary steps such as updating firewalls and resetting passwords have been carried out, yet the breach continues. Prompt investigation and action are necessary to prevent further harm and safeguard confidential data.",Network,Access
"Assistance with Security Concern. An unauthorized access attempt was detected in the healthcare system, which could potentially compromise sensitive medical data. The incident might have occurred due to a vulnerability in the outdated Node.js application. Immediate firewall rules were implemented, and known vulnerabilities were patched, but the issue remains unresolved. We need your help to identify the root cause and implement a solution to prevent future incidents.",Software,General
"Problem with Data Analytics System. The company's data analytics platform is malfunctioning, leading to outdated insights. Despite rebooting and reinstalling, the problem remains.",General,Software
"Security Breach Involving Medical Data. An unauthorized access incident has compromised medical data. This may be due to insufficient firewall protections. Scans have been conducted and protocols updated, but vulnerabilities persist.",General,Access
Alert on Medical Data Security Incident. Unauthorized access to sensitive medical data detected in hospital systems. Initial assessments suggest disabling third-party integrations as a step to mitigate the issue. Integration vulnerabilities are suspected.,Software,General
"Concern About Digital Marketing Campaign. Our digital marketing campaign has seen a sharp decline in engagement, likely due to recent algorithm changes or technical glitches. Despite previous attempts at troubleshooting, we would appreciate your assistance in resolving this issue.",Software,General
"Problem with Server Response Times. We have noticed a sudden increase in response times during peak hours, which might be due to high server load from recent deployments. We have already cleared the cache, optimized queries, and scaled resources, resulting in some improvement.",General,Software
